{
  "project_info": {
    "project_number": "539989162866",
    "project_id": "chatting-application-in-kotlin",
    "storage_bucket": "chatting-application-in-kotlin.appspot.com"
  },
  "client": [
    {
      "client_info": {
        "mobilesdk_app_id": "1:539989162866:android:727b3526de976bbcaa7beb",
        "android_client_info": {
          "package_name": "com.cleverdevelopers.chattingapplicationinkotlin"
        }
      },
      "oauth_client": [
        {
          "client_id": "539989162866-mv7nrlb7lbtcknq49le8beqd7lo69hop.apps.googleusercontent.com",
          "client_type": 3
        }
      ],
      "api_key": [
        {
          "current_key": "AIzaSyCVXYPwLpMzeXBMDMy134NSokzH3PfP4bs"
        }
      ],
      "services": {
        "appinvite_service": {
          "other_platform_oauth_client": [
            {
              "client_id": "539989162866-mv7nrlb7lbtcknq49le8beqd7lo69hop.apps.googleusercontent.com",
              "client_type": 3
            }
          ]
        }
      }
    }
  ],
  "configuration_version": "1"
}